booker12;booker12@gmail.com;Rachel;Booker
grey07;grey07@gmail.com;Laura;Grey
johnson81;johnson81@gmail.com;Craig;Johnson
jenkins46;jenkins46@gmail.com;Mary;Jenkins
smith79;smith79@gmail.com;Jamie;Smith
aman12;aman12@gmail.com;Aman;Sheikh
